node_id,status,crossing,lat,lon,poles,pedestrian_heads,match_distance_m,inside_area
cluster_522994128_8827065540,added,22 SUR x JUAN PABLO II,19.014756,-98.195982,4,0,2.2,False
cluster_306505454_306505462,added,18 SUR x SAN MANUEL,19.0136,-98.199409,3,0,4.4,True
cluster_295949495_522994317,already_in_osm,24 SUR x JUAN PABLO II,19.013542,-98.192999,4,0,2.9,True
cluster_306502793_306502794,added,CARLOS CAMACHO ESPIRITU x DEL LAGO,19.012668,-98.208961,7,5,7.5,True
cluster_306505321_306505342,added,22 SUR x SAN MANUEL,19.012532,-98.196457,3,0,8.5,True
cluster_8191171280_8437619997,added,14 SUR x SAN FRANCISCO,19.012301,-98.202663,4,0,2.5,True
cluster_306505317_8194904884,added,24 SUR x SAN MANUEL,19.011576,-98.193375,2,0,0.4,True
cluster_522994039_522994042,added,18 SUR x SAN FRANCISCO,19.011327,-98.199953,4,0,1.1,True
cluster_522994026_522994028,added,22 SUR x SAN FRANCISCO,19.010202,-98.196897,4,0,3.5,True
cluster_300698633_7229102738_8436004441,added,DEL LAGO x LAS MARGARITAS,19.010143,-98.210304,3,0,6.1,True
cluster_1641131562_3019495212,added,24 SUR x SAN FRANCISCO,19.009203,-98.193867,3,0,7.1,True
300698357,added,CARLOS CAMACHO ESPIRITU x LAS MARGARITAS,19.00898,-98.207688,9,6,4.9,True
527164240,already_in_osm,14 SUR x CIRCUNVALACION,19.007693,-98.204122,4,0,9.7,True
cluster_306506954_522994285,added,24 SUR x SAN IGNACIO,19.006771,-98.194165,4,0,3.5,True
cluster_7228337954_7228337955_7228337960_7228337961_#2more,added,18 SUR x CIRCUNVALACION,19.006619,-98.201174,4,0,3.5,True
cluster_5102252138_5895139985_6821360686_6821360696_#4more,already_in_osm,14 SUR x SAN CLAUDIO,19.005876,-98.204725,14,13,5.8,True
cluster_7228337956_7228337957_7228337958_7228337959_#2more,added,22 SUR x CIRCUNVALACION,19.005442,-98.197877,4,0,4.0,True
cluster_527164230_527164231_527164232_527164233,added,14 SUR x CARLOS CAMACHO ESPIRITU,19.004926,-98.206172,2,0,0.9,True
cluster_1641131555_1641131559,added,18 SUR x SAN CLAUDIO,19.004522,-98.201732,7,9,5.1,True
cluster_295963228_527164229_8732336381_8732336383_#1more,added,14 SUR x 63 A ORIENTE,19.004389,-98.206999,4,0,1.2,True
cluster_1122803748_522993828_522993830_522993832_#1more,added,24 SUR x CIRCUNVALACION,19.00421,-98.194039,4,0,3.0,True
5729141926,already_in_osm,ENTRADA A FACULTAD DE DERECHO x SAN CLAUDIO,19.003397,-98.199296,4,4,2.9,True
cluster_1646160049_3026184027,added,22 SUR x SAN CLAUDIO,19.002979,-98.198422,3,0,5.0,True
8431668234,added,24 SUR x SAN CLAUDIO,19.000964,-98.19393,4,0,10.2,True
6075296973,added,63 F ORIENTE x CARLOS CAMACHO ESPIRITU,19.000579,-98.204715,5,4,8.9,True
cluster_1129106533_411859770,added,CARLOS CAMACHO ESPIRITU x UNAM,18.99749,-98.203594,4,2,9.4,True
5120969388,added,CARLOS CAMACHO ESPIRITU x UNIVERSIDAD DE CHAPINGO,18.996466,-98.203152,3,4,1.4,True
cluster_3026184021_3026184022,added,MUNICIPIO LIBRE x RIO PAPAGAYO,18.996324,-98.193288,2,0,2.2,True
cluster_3013015614_3013015615_3013015616_3013015617,added,24 SUR x MUNICIPIO LIBRE,18.99572,-98.195283,5,0,7.0,True
cluster_522993220_522993222_522993224_522993226_#1more,already_in_osm,CARLOS CAMACHO ESPIRITU x MUNICIPIO LIBRE,18.993729,-98.202266,7,6,8.0,True
cluster_411859766_412042130,added,16 A SUR x MUNICIPIO LIBRE,18.992629,-98.208757,2,0,5.6,True
cluster_295956432_5918404931_8116621170_8116621172,added,CARLOS CAMACHO ESPIRITU x ENTRADA A VISTA ALEGRE,18.991301,-98.20135,4,0,3.4,True
412042286,added,24 SUR x DE LAS FLORES,18.991289,-98.195717,2,0,8.4,True
cluster_1828231001_2595389327_527164227,added,CARLOS CAMACHO ESPIRITU x SAN IGNACIO NORTE,18.989416,-98.200691,6,4,8.2,True
1641131543,added,24 SUR x DEL JARDIN,18.988629,-98.195851,3,0,2.0,True
cluster_1277900591_1641131536_3026184010_5918369189,added,CARLOS CAMACHO ESPIRITU x ENTRADA A FRACC DE ARBOLEDAS,18.983879,-98.198745,6,4,1.5,True
cluster_1277900462_1277900619_7589939259_8191766195,added,24 SUR x LOMAS DEL VALLE,18.982515,-98.196339,3,0,4.1,True
